UserDay_ID,Profile,ScreenGlances,IdleChecking,LateNightUse,SocialMediaUsage
0,Night Owl,67,27,126,85.2
1,Night Owl,57,26,149,77.7
2,Night Owl,53,32,98,65.3
3,Night Owl,63,13,67,64.4
4,Night Owl,46,31,87,55.9
5,Night Owl,81,26,112,55.8
6,Night Owl,52,29,81,73.8
7,Night Owl,52,26,95,88.5
8,Night Owl,60,20,131,57.8
9,Night Owl,63,12,77,72.0
10,Night Owl,70,29,107,67.0
11,Night Owl,39,22,98,80.6
12,Night Owl,65,14,118,66.1
13,Night Owl,51,33,136,79.3
14,Night Owl,48,26,118,79.8
15,Night Owl,53,27,82,58.0
16,Night Owl,71,39,108,80.0
17,Night Owl,65,23,119,85.4
18,Night Owl,59,41,60,78.2
19,Night Owl,61,26,112,50.1
20,Night Owl,57,31,147,64.8
21,Night Owl,49,24,133,73.3
22,Night Owl,53,32,112,79.7
23,Night Owl,50,25,100,55.4
24,Night Owl,64,30,110,67.7
25,Night Owl,40,25,101,62.0
26,Night Owl,58,31,157,71.7
27,Night Owl,64,27,62,69.7
28,Night Owl,61,48,105,73.0
29,Night Owl,60,19,139,77.5
30,Night Owl,71,21,145,56.0
31,Night Owl,68,46,85,64.3
32,Night Owl,61,24,71,70.7
33,Night Owl,45,32,87,85.5
34,Night Owl,49,25,130,57.7
35,Night Owl,63,38,70,71.8
36,Night Owl,64,34,79,56.8
37,Night Owl,67,30,116,73.5
38,Night Owl,50,30,117,62.9
39,Night Owl,86,32,80,76.6
40,Night Owl,46,34,139,61.8
41,Night Owl,73,31,131,89.0
42,Night Owl,57,22,88,61.8
43,Night Owl,59,31,117,78.3
44,Night Owl,60,40,103,92.0
45,Night Owl,69,21,83,74.8
46,Night Owl,57,34,122,69.3
47,Night Owl,48,16,99,78.6
48,Night Owl,63,18,114,73.9
49,Night Owl,48,29,111,58.6
50,Balanced User,28,12,16,26.3
51,Balanced User,15,6,13,23.1
52,Balanced User,29,22,13,26.8
53,Balanced User,32,13,8,24.6
54,Balanced User,20,9,7,20.5
55,Balanced User,41,3,14,10.3
56,Balanced User,22,14,10,13.5
57,Balanced User,20,13,6,21.3
58,Balanced User,25,7,23,23.8
59,Balanced User,11,11,6,25.1
60,Balanced User,19,10,13,25.2
61,Balanced User,17,9,7,16.1
62,Balanced User,37,12,2,25.5
63,Balanced User,40,14,1,17.1
64,Balanced User,34,7,13,24.6
65,Balanced User,19,10,0,13.9
66,Balanced User,23,5,20,11.4
67,Balanced User,22,11,19,11.4
68,Balanced User,33,10,4,22.8
69,Balanced User,26,8,10,17.7
70,Balanced User,26,13,20,12.6
71,Balanced User,40,2,9,23.5
72,Balanced User,27,8,9,17.0
73,Balanced User,21,13,12,15.8
74,Balanced User,31,11,15,23.8
75,Balanced User,19,8,14,23.7
76,Balanced User,25,10,18,16.5
77,Balanced User,29,9,9,26.6
78,Balanced User,31,13,18,20.1
79,Balanced User,30,9,12,19.2
80,Balanced User,26,12,5,32.6
81,Balanced User,18,5,17,24.7
82,Balanced User,29,13,10,14.6
83,Balanced User,26,7,16,19.1
84,Balanced User,19,9,12,16.6
85,Balanced User,19,11,11,17.0
86,Balanced User,22,11,1,11.6
87,Balanced User,20,9,12,28.9
88,Balanced User,31,9,10,14.0
89,Balanced User,25,9,12,15.0
90,Balanced User,29,16,9,22.4
91,Balanced User,30,8,11,20.1
92,Balanced User,26,7,10,23.0
93,Balanced User,35,14,23,15.4
94,Balanced User,31,11,23,15.2
95,Balanced User,19,8,0,16.8
96,Balanced User,20,11,12,31.3
97,Balanced User,32,8,5,23.0
98,Balanced User,16,17,17,17.2
99,Balanced User,13,15,9,27.4
100,Distracted Achiever,72,44,45,68.5
101,Distracted Achiever,91,56,30,66.6
102,Distracted Achiever,100,55,55,56.8
103,Distracted Achiever,73,63,50,60.5
104,Distracted Achiever,123,51,62,68.7
105,Distracted Achiever,131,68,42,77.7
106,Distracted Achiever,108,64,31,74.9
107,Distracted Achiever,115,32,28,47.6
108,Distracted Achiever,94,57,66,68.7
109,Distracted Achiever,124,36,21,67.4
110,Distracted Achiever,104,50,16,67.1
111,Distracted Achiever,77,57,50,58.6
112,Distracted Achiever,90,39,44,77.6
113,Distracted Achiever,82,55,38,60.1
114,Distracted Achiever,96,40,37,56.0
115,Distracted Achiever,129,50,35,70.1
116,Distracted Achiever,96,48,54,75.6
117,Distracted Achiever,90,44,41,45.0
118,Distracted Achiever,74,64,68,65.5
119,Distracted Achiever,107,53,80,79.2
120,Distracted Achiever,96,40,23,70.0
121,Distracted Achiever,86,36,36,57.2
122,Distracted Achiever,125,59,45,82.8
123,Distracted Achiever,99,41,66,73.4
124,Distracted Achiever,81,48,33,54.2
125,Distracted Achiever,113,69,25,73.6
126,Distracted Achiever,88,45,37,59.4
127,Distracted Achiever,99,42,49,67.5
128,Distracted Achiever,94,41,37,75.6
129,Distracted Achiever,106,40,46,75.5
130,Distracted Achiever,71,55,36,73.7
131,Distracted Achiever,86,32,22,68.5
132,Distracted Achiever,102,41,54,51.4
133,Distracted Achiever,97,38,36,68.5
134,Distracted Achiever,84,46,59,62.2
135,Distracted Achiever,111,39,52,82.4
136,Distracted Achiever,60,42,53,66.0
137,Distracted Achiever,104,44,46,66.4
138,Distracted Achiever,117,53,50,63.9
139,Distracted Achiever,90,46,51,63.8
140,Distracted Achiever,103,71,57,64.7
141,Distracted Achiever,117,46,16,57.9
142,Distracted Achiever,68,46,45,84.8
143,Distracted Achiever,103,48,57,45.9
144,Distracted Achiever,102,58,24,79.4
145,Distracted Achiever,103,46,54,90.0
146,Distracted Achiever,101,52,39,59.5
147,Distracted Achiever,111,41,46,63.2
148,Distracted Achiever,106,53,60,62.9
149,Distracted Achiever,94,40,39,71.8
150,Focused Worker,36,5,45,24.8
151,Focused Worker,33,14,26,11.8
152,Focused Worker,16,12,43,17.7
153,Focused Worker,32,5,62,18.6
154,Focused Worker,31,10,41,19.1
155,Focused Worker,24,9,58,24.7
156,Focused Worker,43,6,23,17.4
157,Focused Worker,30,11,15,25.6
158,Focused Worker,29,7,23,9.7
159,Focused Worker,37,8,20,11.5
160,Focused Worker,27,13,32,10.5
161,Focused Worker,28,7,10,17.7
162,Focused Worker,28,10,57,23.6
163,Focused Worker,28,5,62,18.3
164,Focused Worker,30,8,37,17.3
165,Focused Worker,25,6,35,15.3
166,Focused Worker,24,8,32,25.5
167,Focused Worker,10,11,50,7.6
168,Focused Worker,27,7,18,14.1
169,Focused Worker,21,13,46,24.4
170,Focused Worker,36,5,29,20.4
171,Focused Worker,20,10,32,16.1
172,Focused Worker,36,9,31,23.8
173,Focused Worker,21,10,42,16.5
174,Focused Worker,33,4,46,17.1
175,Focused Worker,26,11,27,11.0
176,Focused Worker,18,10,20,26.8
177,Focused Worker,13,13,38,17.5
178,Focused Worker,26,9,35,23.5
179,Focused Worker,31,8,31,17.7
180,Focused Worker,32,3,19,21.7
181,Focused Worker,31,7,35,19.7
182,Focused Worker,26,6,37,13.1
183,Focused Worker,33,3,47,20.4
184,Focused Worker,32,11,55,23.1
185,Focused Worker,15,4,28,18.1
186,Focused Worker,34,6,37,14.2
187,Focused Worker,25,4,24,11.2
188,Focused Worker,22,11,24,30.0
189,Focused Worker,34,9,25,21.5
190,Focused Worker,25,8,62,17.5
191,Focused Worker,39,6,35,26.9
192,Focused Worker,25,13,43,15.2
193,Focused Worker,35,11,42,10.1
194,Focused Worker,24,7,34,21.1
195,Focused Worker,31,4,40,21.1
196,Focused Worker,34,11,45,20.3
197,Focused Worker,29,3,40,19.0
198,Focused Worker,32,4,22,23.3
199,Focused Worker,30,10,35,18.1
